name;house_number;street;area;postal_code;city;location_lat;location_lng;long_name;phone_number;website;url;plus_code;place_id;rating;price_level;vicinity;wheelchair_accessible_entrance
Palm Tree African Restaurant;15;Brückenstraße;Bad Cannstatt;70376;Stuttgart;None;None;Palm Tree African Restaurant;+49 1521 8201631;https://palm-tree-african-restaurant.business.site/?utm_source=gmb&utm_medium=referral;https://maps.google.com/?cid=18229581173180357589;8FWFR646+VC;ChIJSWkTn33FmUcR1VuQF357_Pw;4.4;None;Brückenstraße 15, Stuttgart;None
Ambiente Africa;1;Werastraße;Stuttgart-Mitte;70182;Stuttgart;None;None;Ambiente Africa;+49 711 2365511;http://www.restaurantafrika.de/;https://maps.google.com/?cid=16616639309412206264;8FWFQ5HQ+37;ChIJdx56O8rEmUcRuIZOxmkpmuY;4.5;2;Werastraße 1, Stuttgart;False
Ebony;11;Herzogstraße;Stuttgart-West;70176;Stuttgart;None;None;Ebony;+49 711 625834;http://www.ebony-stuttgart.de/;https://maps.google.com/?cid=10216196744533559561;8FWFQ5F9+G3;ChIJWYW0IkbbmUcRCclsuc84x40;4.7;2;Herzogstraße 11, Stuttgart;None
Makamba;16;Schlosserstraße;Süd;70180;Stuttgart;None;None;Makamba;+49 711 6400754;http://www.restaurant-makamba.de/;https://maps.google.com/?cid=10639127672916274945;8FWFQ59G+XR;ChIJ_R-990zbmUcRAe8zAEDGpZM;4.3;2;Schlosserstraße 16, Stuttgart;True
Madagascar;61;Filderstraße;Süd;70180;Stuttgart;None;None;Madagascar;+49 711 50456044;http://www.madagascar-stuttgart.de/;https://maps.google.com/?cid=7423466364684940808;8FWFQ579+CF;ChIJO9PkH1HbmUcRCDYb1VNzBWc;4.6;3;Filderstraße 61, Stuttgart;False
African Bistro Black White;17;Kolbstraße;Süd;70180;Stuttgart;None;None;African Bistro Black White;None;None;https://maps.google.com/?cid=2239717482560080496;8FWFQ57C+X7;ChIJd-Njn1HbmUcRcMo5ES8TFR8;5;None;Kolbstraße 17, Stuttgart;None
Jakes Diner Bar;31;Filderbahnpl.;Möhringen;70567;Stuttgart;None;None;Jakes Diner Bar;+49 711 99746815;http://www.jakes-diner-bar.de/;https://maps.google.com/?cid=8721498069845101513;8FWFP4JX+9C;ChIJ5R-1gcTcmUcRyUtfOkn8CHk;4.7;2;Filderbahnplatz 31, Stuttgart;True
The Ladies Diner;29;Alleenstraße;None;73730;Esslingen am Neckar;None;None;The Ladies Diner;+49 711 35840900;http://www.theladies.de/;https://maps.google.com/?cid=11437746882826354949;8FWFP9F3+CM;ChIJAWJICr3AmUcRBUGyrTAKu54;4.6;2;Alleenstraße 29, Esslingen am Neckar;True
Kelley Club;3300;Kelley Barracks;Möhringen;70567;Stuttgart;None;None;Kelley Club;+49 711 7294660;None;https://maps.google.com/?cid=14601754211066447502;8FWFP5CG+R4;ChIJQ81cOi_DmUcRjgYucBfao8o;3.7;None;Kelley Barracks 3300, Stuttgart;True
Asiamo Restaurant;147;Stuttgarter Str.;None;71332;Waiblingen;None;None;Asiamo Restaurant;+49 7151 9765788;http://www.asiamo-waiblingen.de/;https://maps.google.com/?cid=9400047743254684837;8FWFR7CW+99;ChIJN6y6T_zFmUcRpWRocJ6tc4I;4.3;2;Stuttgarter Straße 147, Waiblingen;True
Dong Kinh Asia Restaurant;25;Berliner Str.;None;71034;Böblingen;None;None;Dong Kinh Asia Restaurant;+49 7031 437777;https://www.dongkinh.de/;https://maps.google.com/?cid=14460152464351703039;8FWFM2J4+77;ChIJQ7U8uYXgmUcR_y-smw3IrMg;4.1;1;Berliner Straße 25, Böblingen;True
New Asia Imbiss;27;Adlerstraße;Süd;70199;Stuttgart;None;None;New Asia Imbiss;+49 711 66483388;https://www.new-asia-imbiss-stuttgart.de/;https://maps.google.com/?cid=15770911018218435608;8FWFQ577+F5;ChIJyYKgMFrbmUcRGDQ0YQOI3do;4.3;1;Adlerstraße 27, Stuttgart;False
GOI TO GO;38;Motorstraße;Weilimdorf;70499;Stuttgart;None;None;GOI TO GO;+49 711 260000;http://www.goi.de/;https://maps.google.com/?cid=1834781427702027274;8FWFR3GX+JQ;ChIJne2yVejamUcRCtSpxvxzdhk;4.3;1;Motorstraße 38, Stuttgart;True
ASIA Viet Long Bad-Cannstatt;12;Waiblinger Str.;Bad Cannstatt;70372;Stuttgart;None;None;ASIA Viet Long Bad-Cannstatt;+49 711 55348318;None;https://maps.google.com/?cid=8722045273334859195;8FWFR639+76;ChIJi_gBGBjFmUcRu8X_9_btCnk;4.6;1;Waiblinger Straße 12, Stuttgart;True
Bambus Asia Imbiss;87;Schloßstraße;Stuttgart-West;70176;Stuttgart;None;None;Bambus Asia Imbiss;+49 711 2635805;https://bambus-imbiss.de/;https://maps.google.com/?cid=16891631075849895973;8FWFQ5G6+79;ChIJ6xyS4UDbmUcRJYD7wPcga-o;4;1;Schloßstraße 87, Stuttgart;False
Asia Zur Krone;15;Am Kronenhof;None;73728;Esslingen am Neckar;None;None;Asia Zur Krone;+49 711 91468333;http://asia-zur-krone.npage.de/;https://maps.google.com/?cid=17525977990440430350;8FWFP8Q3+G8;ChIJryXZHzfBmUcRDiuELSDIOPM;4.3;1;Am Kronenhof 15, Esslingen am Neckar;None
Sichuan China Restaurant;27;Bebelstraße;Stuttgart-West;70193;Stuttgart;None;None;Sichuan China Restaurant;+49 711 50477452;None;https://maps.google.com/?cid=15439161217195578339;8FWFQ5F3+WX;ChIJZdeEbGrbmUcR4xPurFPrQtY;4.5;1;Bebelstraße 27, Stuttgart;False
Mulan Garden;12A;Schulstraße;Stuttgart-Mitte;70173;Stuttgart;None;None;Mulan Garden;+49 711 2845309;https://mulan-garden.business.site/;https://maps.google.com/?cid=13223937982968536185;8FWFQ5GG+CR;ChIJXyFbEUrbmUcReZyiNojdhLc;3.1;1;Schulstraße 12A, Stuttgart;True
China Restaurant Asia Sonnengarten;14;Christophstraße;Stuttgart-Mitte;70178;Stuttgart;None;None;China Restaurant Asia Sonnengarten;+49 711 25968278;None;https://maps.google.com/?cid=1607718348915732873;8FWFQ5CG+HC;ChIJi95Nc0zbmUcRifH__VHDTxY;4.4;1;Christophstraße 14, Stuttgart;None
New Shanghai Restaurant;291;Heilbronner Str.;Feuerbach;70469;Stuttgart;None;None;New Shanghai Restaurant;+49 711 86060788;http://www.new-shanghai-restaurant.de/;https://maps.google.com/?cid=15621753307090702885;8FWFR57H+5M;ChIJoSKs9MbamUcRJdLsfd2dy9g;4.4;2;Leitzstraße 47, Heilbronner Straße 291, Stuttgart;True
KuaiStyle Restaurant;27;Hirschstraße;Stuttgart-Mitte;70173;Stuttgart;None;None;KuaiStyle Restaurant;+49 711 24853286;https://www.facebook.com/kuaistyle;https://maps.google.com/?cid=9933645099585833693;8FWFQ5FG+PH;ChIJU_GZzEvbmUcR3QqdXZZl24k;4.5;2;Hirschstraße 27, Stuttgart;None
China Restaurant CQ Flavour;126;Kirchheimer Str.;Sillenbuch;70619;Stuttgart;None;None;China Restaurant CQ Flavour;+49 711 4791300;http://cqflavour.de/;https://maps.google.com/?cid=1279229940164008685;8FWFP6R9+2C;ChIJR-2yAHfDmUcR7RqFWdq8wBE;4.4;2;Kirchheimer Straße 126, Stuttgart;True
Dynasty;54;Mahdentalstraße;None;71065;Sindelfingen;None;None;Dynasty;+49 7031 8195928;http://www.china-sifi.de/;https://maps.google.com/?cid=12973906622992646721;8FWFP249+VV;ChIJnUM7FzjemUcRQYKQvFWTDLQ;4.4;2;Mahdentalstraße 54, Sindelfingen;True
Tsang’s Kitchen Hong Kong Cuisine;11;Möhringer Landstraße;Vaihingen;70563;Stuttgart;None;None;Tsang’s Kitchen Hong Kong Cuisine;+49 711 50464841;https://tsangs-kitchen-hong-kong-cuisine.business.site/?utm_source=gmb&utm_medium=referral;https://maps.google.com/?cid=6791047763625062805;8FWFP4H7+XR;ChIJDSlSV5TdmUcRlTGV4_WlPl4;4.2;None;Möhringer Landstraße 11, Stuttgart;True
Fast Food 4U!;13;Fangelsbachstraße;Süd;70180;Stuttgart;None;None;Fast Food 4U!;+49 711 90703732;https://fastfood4u.de/;https://maps.google.com/?cid=2679959044676867956;8FWFQ59F+3C;ChIJqdvrRmbbmUcRdFePVo0gMSU;4.5;None;Fangelsbachstraße 13, Stuttgart;None
Burger King;4;Königstraße;Stuttgart-Mitte;70173;Stuttgart;None;None;Burger King;+49 711 28451720;https://www.burgerking.de/;https://maps.google.com/?cid=12599524422460792209;8FWFQ5JJ+VH;ChIJGwgGA-PbmUcRkV2iA7WA2q4;3.2;2;Königstraße 4, Stuttgart;True
Food Truck;4;Pfaffenwaldring;Vaihingen;70569;Stuttgart;None;None;Food Truck;None;https://www.uni-stuttgart.de/universitaet/aktuelles/news/Food-Trucks-am-Campus-Vaihingen/;https://maps.google.com/?cid=11782886925085806005;8FWFP4X6+F5;ChIJ9xp10jndmUcRtY1V3jo5haM;None;None;Pfaffenwaldring 4, Stuttgart;None
Kochlöffel;30;Innere Brücke;None;73728;Esslingen am Neckar;None;None;Kochlöffel;+49 711 3508890;http://www.kochloeffel.de/;https://maps.google.com/?cid=1910277514693872248;8FWFP8R4+47;ChIJu_r7TDHBmUcReIq-TUergho;3.4;1;Innere Brücke 30, Esslingen am Neckar;True
McDonald's;12;Marienstraße;Stuttgart-Mitte;70178;Stuttgart;None;None;McDonald's;+49 711 626273;https://www.mcdonalds.com/de/de-de/restaurant-suche.html/l/stuttgart/marienstrasse-12/110&cid=listing_0110;https://maps.google.com/?cid=15514729810307400102;8FWFQ5FF+97;ChIJjZQuGUnbmUcRpkGJ2Y9kT9c;3.5;2;Marienstraße 12, Stuttgart;True
Udo Snack;40;Schwarenbergstraße;Stuttgart Ost;70190;Stuttgart;None;None;Udo Snack;+49 711 2865658;https://udosnack.de/;https://maps.google.com/?cid=15759807888092641002;8FWFQ6Q2+6P;ChIJL2LyUdrEmUcR6jYpcsYVtto;4.8;None;Schwarenbergstraße 40, Stuttgart;True
Le Tonneau Bistro;92;Schwabstraße;Stuttgart-West;70193;Stuttgart;None;None;Le Tonneau Bistro;+49 711 608010;https://www.petitefrance.de/;https://maps.google.com/?cid=8823652534942210631;8FWFQ5H4+79;ChIJ9UjXtmrbmUcRR5q0Fjvpc3o;4.5;2;Schwabstraße 92, Stuttgart;None
French Open Restaurant;73;Emerholzweg;Stammheim;70439;Stuttgart;None;None;French Open Restaurant;+49 711 86052321;None;https://maps.google.com/?cid=1686729910480730514;8FWFV43Q+CM;ChIJMQ3bHJHQmUcRkvk6uup3aBc;None;None;Emerholzweg 73, Stuttgart;None
Augustenstüble;104;Augustenstraße;Stuttgart-West;70197;Stuttgart;None;None;Augustenstüble;+49 711 621248;http://www.augustenstüble.de/;https://maps.google.com/?cid=10173007036674192803;8FWFQ595+H2;ChIJ57LuJ0PbmUcRo7WDPgDILY0;4.8;3;Augustenstraße 104, Stuttgart;False
Restaurant Le Cassoulet;30;Willy-Brandt-Straße;Stuttgart-Mitte;70173;Stuttgart;None;None;Restaurant Le Cassoulet;+49 711 22212270;https://www.opentable.de/r/brunch-im-le-meridien-stuttgart;https://maps.google.com/?cid=10216078409042615406;8FWFQ5MQ+HH;ChIJo3Y_sM3EmUcRbtyFmC_Nxo0;3.7;None;Willy-Brandt-Straße 30, Stuttgart;None
Bistro Einstein;5;Wilhelmspl.;Stuttgart-Mitte;70182;Stuttgart;None;None;Bistro Einstein;+49 711 2349797;http://www.bistroeinstein.de/;https://maps.google.com/?cid=3125836497546962801;8FWFQ5CH+JH;ChIJWfPhnUzbmUcRcec8rrszYSs;4;2;Wilhelmsplatz 5, Stuttgart;None
IBIS KITCHEN;15;Presselstraße;Nord;70191;Stuttgart;None;None;IBIS KITCHEN;+49 711 255510;https://restaurants.accor.com/de/restaurant-2202_R002-ibis-kitchen-stuttgart.shtml;https://maps.google.com/?cid=1022786210426233727;8FWFR52M+FQ;ChIJt0XoBdTamUcRf6OfsaOqMQ4;5;None;Presselstraße 15, Stuttgart;True
Épicerie Fine;136;Olgastraße;Süd;70180;Stuttgart;None;None;Épicerie Fine;+49 711 40795268;http://www.epiceriefine.de/;https://maps.google.com/?cid=8511382152534438828;8FWFQ58G+6P;ChIJYzpqk1LbmUcRrDNq9fiAHnY;4.7;2;Olgastraße 136, Stuttgart;False
Rafa;47;Weidenweg;Sulzgries;73733;Esslingen am Neckar;None;None;Rafa;None;None;https://maps.google.com/?cid=2988270254192317774;8FWFQ75X+6P;ChIJDdekcFTHmUcRTtX_sfZ3eCk;None;None;Weidenweg 47, Esslingen am Neckar;None
Chito & Gvrito;23;Heinrich-Baumann-Straße;Stuttgart Ost;70190;Stuttgart;None;None;Chito & Gvrito;+49 711 91244491;http://www.chito-and-gvrito.de/;https://maps.google.com/?cid=17654274187237402516;8FWFQ5RX+3X;ChIJOfVnANrEmUcRlCeiQdaUAPU;4.5;2;Heinrich-Baumann-Straße 23, Stuttgart;True
Carls Brauhaus;1;Stauffenbergstraße;Stuttgart-Mitte;70173;Stuttgart;None;None;Carls Brauhaus;+49 711 25974611;https://www.carls-brauhaus.de/;https://maps.google.com/?cid=10432238617083097258;8FWFQ5HH+QX;ChIJd2ts_zTbmUcRqrBZ97_BxpA;4.3;2;Stauffenbergstraße 1, Stuttgart;True
Bärenschlössle;14;Mahdentalstraße;Stuttgart-West;70569;Stuttgart;None;None;Bärenschlössle;+49 711 692550;http://www.baerenschloessle.com/;https://maps.google.com/?cid=13018842285775804251;8FWFQ36R+9G;ChIJZ66k76jemUcRW1eABhU4rLQ;4.5;2;*Direkte Zufahrt nicht erlaubt !, Mahdentalstraße 14, Stuttgart;True
Wirtshaus Lautenschlager;24;Lautenschlagerstraße;Stuttgart-Mitte;70173;Stuttgart;None;None;Wirtshaus Lautenschlager;+49 711 25241260;https://www.wirtshaus-lautenschlager.de/;https://maps.google.com/?cid=3981150993039511535;8FWFQ5JH+82;ChIJIxtZqirbmUcR709QMbzjPzc;4.1;2;Lautenschlagerstraße 24, Stuttgart;True
Goldener Adler;38;Böheimstraße;Süd;70178;Stuttgart;None;None;Goldener Adler;+49 711 6338802;http://www.goldener-adler-stuttgart.de/;https://maps.google.com/?cid=14904215202410555282;8FWFQ567+WP;ChIJg9-p8FnbmUcRkmeou8Jo1s4;4.6;3;Böheimstraße 38, Stuttgart;False
Greek Kitchen Tavern;1;Rotbühlstraße;None;71063;Sindelfingen;None;None;Greek Kitchen Tavern;+49 7031 4666617;https://social.quandoo.com/en/groups/Greek-Kitchen-Tavern;https://maps.google.com/?cid=15037784112112955138;8FWFP283+Q4;ChIJ4aZUX6zfmUcRAm-B8_nwsNA;4.4;2;Rotbühlstraße 1, Sindelfingen;True
The Little Greek Taverna;27;Wilhelmstraße;Bad Cannstatt;70372;Stuttgart;None;None;The Little Greek Taverna;+49 711 5000177;http://www.littlegreektaverna.de/;https://maps.google.com/?cid=11484923778190305889;8FWFR648+7J;ChIJuQLqbj3FmUcRYWp4l1OlYp8;4.4;2;Wilhelmstraße 27, Stuttgart;False
The Greek Taste;6;Guts-Muths-Weg;Degerloch;70597;Stuttgart;None;None;The Greek Taste;+49 711 62037580;https://www.thegreektaste.de/;https://maps.google.com/?cid=10549384206096953666;8FWFQ53Q+CJ;ChIJSx9NnmfDmUcRQnGG2wrxZpI;4.6;None;Guts-Muths-Weg 6, Stuttgart;False
Greek Cuisine;43;Eberhardstraße;Stuttgart-Mitte;70173;Stuttgart;None;None;Greek Cuisine;+49 711 25515420;https://greekcuisine.online/5370?utm_source=google&utm_medium=mybusiness&utm_campaign=gb;https://maps.google.com/?cid=17076215430813057798;8FWFQ5FH+65;ChIJhzJH1OzbmUcRBgOo7XXn-uw;4.6;2;Eberhardstraße 41-43, Eberhardstraße 43, Stuttgart;None
Meze meze stuttgart;21;Katharinenstraße;Stuttgart-Mitte;70182;Stuttgart;None;None;Meze meze stuttgart;+49 711 39120690;https://mezemeze.de/stuttgart/;https://maps.google.com/?cid=13787453661392353949;8FWFQ5CJ+WF;ChIJHWrWRCfFmUcRnTpzVA7gVr8;4.2;None;Katharinenstraße 21, Stuttgart;False
CAVOS Taverna;20;Lautenschlagerstraße;Stuttgart-Mitte;70173;Stuttgart;None;None;CAVOS Taverna;+49 711 3058050;http://www.cavos-stuttgart.de/;https://maps.google.com/?cid=8305368642885122868;8FWFQ5JH+M6;ChIJEx9PqjbbmUcRNPvV58aYQnM;3.7;2;Lautenschlagerstraße 20, Stuttgart;True
Meze Meze;110;Ob. Waiblinger Str.;Bad Cannstatt;70374;Stuttgart;None;None;Meze Meze;+49 711 20303980;https://mezemeze.de/bestellen/;https://maps.google.com/?cid=17511491565830673935;8FWFR64J+GM;ChIJi1RdOw7FmUcRDxaWnMxQBfM;4.4;2;Obere Waiblinger Straße 110, Stuttgart;True
BE GREEK BEST GYROS OF TOWN;45;Mayenner Str.;None;71332;Waiblingen;None;None;BE GREEK BEST GYROS OF TOWN;+49 7151 1692729;https://smaps.top/be-greek-best-gyros-of-town;https://maps.google.com/?cid=18123610129136177748;8FWFR8G7+C7;ChIJ_Rkqa4DHmUcRVFLVsmP_g_s;4.6;1;Mayenner Straße 45, Waiblingen;None
Indian Palace;11;Steinstraße;Stuttgart-Mitte;70173;Stuttgart;None;None;Indian Palace;+49 711 6724460;http://www.indianpalace-stuttgart.de/;https://maps.google.com/?cid=18287396355848291096;8FWFQ5FG+FP;ChIJ872vt0vbmUcRGEMcSRjiyf0;4;2;Steinstraße 11, Stuttgart;None
Ganesha Restaurant;19;Lembergstraße;Stuttgart Ost;70186;Stuttgart;None;None;Ganesha Restaurant;+49 711 4687981;http://www.ganesharestaurant.de/;https://maps.google.com/?cid=10948089301485320986;8FWFQ6J3+52;ChIJ5e92BsTEmUcRGntJ2DZt75c;4.5;2;Lembergstraße 19, Stuttgart;False
Namaste India am Berlinerplatz Liederhalle;53A;Schloßstraße;Stuttgart-West;70176;Stuttgart;None;None;Namaste India am Berlinerplatz Liederhalle;+49 711 50076200;http://namaste-india-restaurant.com/;https://maps.google.com/?cid=9919646122634938834;8FWFQ5H9+43;ChIJ6SAEWwDdmUcR0ok8jZepqYk;4.1;2;Schloßstraße 53A, Stuttgart;True
Indisches Indian Restaurant Vinayaga;20;Ostendstraße;Stuttgart Ost;70190;Stuttgart;None;None;Indisches Indian Restaurant Vinayaga;+49 711 50876893;http://www.vinayaga.de/;https://maps.google.com/?cid=17169846617245709151;8FWFQ6Q4+MP;ChIJbZWDodDEmUcRX3PfVIeMR-4;4.3;2;Ostendstraße 20, Stuttgart;False
Roshni`s Palace;33;Schloßstraße;Stuttgart-Mitte;70174;Stuttgart;None;None;Roshni`s Palace;+49 711 94529071;http://roshnis-palace.de/;https://maps.google.com/?cid=1017656703357926798;8FWFQ5HC+HQ;ChIJsRdbljfbmUcRjr3xQmFxHw4;4;2;Schloßstraße 33, Stuttgart;True
Indisches Restaurant KASHMIR;97;Leonberger Str.;Eltingen;71229;Leonberg;None;None;Indisches Restaurant KASHMIR;+49 7152 903232;https://www.kashmir-restaurant.de/;https://maps.google.com/?cid=2251247758654039631;8FWFQ2V6+W4;ChIJw1lDXuvYmUcRT-b3q-gJPh8;4.5;2;Leonberger Straße 97, Leonberg;True
Cavallino Spaghettaro;17;Leuschnerstraße;Stuttgart-Mitte;70174;Stuttgart;None;None;Cavallino Spaghettaro;+49 711 50483260;http://www.cavallino-spaghettaro.de/;https://maps.google.com/?cid=8818974394548717032;8FWFQ5G9+XF;ChIJcTkVx-zbmUcR6IVXpnxKY3o;4.3;2;Leuschnerstraße 17, Stuttgart;None
Ristorante La Scala;41;Friedrichstraße;Stuttgart-Mitte;70173;Stuttgart;None;None;Ristorante La Scala;+49 711 290607;http://la-scala-stuttgart.de/;https://maps.google.com/?cid=11687419833615726220;8FWFQ5HG+PV;ChIJWcll1TXbmUcRjDaFg2oOMqI;4.2;2;Friedrichstraße 41, Stuttgart;None
Nannina;14;Gaishämmerstraße;Stuttgart Ost;70186;Stuttgart;None;None;Nannina;+49 711 7775172;http://www.nannina.de/;https://maps.google.com/?cid=13520723362326740340;8FWFQ6H5+89;ChIJPdEm4cHEmUcRdH3PHUNCo7s;4.5;3;Gaishämmerstraße 14, Stuttgart;False
Little Italy Restaurant;30;Liststraße;Süd;70180;Stuttgart;None;None;Little Italy Restaurant;+49 711 6079032;http://www.little-italy-stuttgart.de/;https://maps.google.com/?cid=16714159079642745581;8FWFQ57F+C9;ChIJ0Um4uFPbmUcR7cp5pSCf9Oc;4.7;2;Liststraße 30, Stuttgart;False
Perbacco;41-43;Tübinger Str.;Süd;70178;Stuttgart;None;None;Perbacco;+49 711 99790097;http://www.perbacco.de/;https://maps.google.com/?cid=8787767521087289349;8FWFQ5CF+46;ChIJpxjzk07bmUcRBXgfNwBs9Hk;4.5;2;Tübinger Straße 41-43, Stuttgart;True
Trattoria Da Franco;32;Calwer Str.;Stuttgart-Mitte;70173;Stuttgart;None;None;Trattoria Da Franco;+49 711 294744;https://www.lanuovatrattoriadafranco.de/;https://maps.google.com/?cid=5612286508748104275;8FWFQ5GF+GH;ChIJOZNU6EnbmUcRU-KlM9jY4k0;3.6;None;Calwer Straße 32, Stuttgart;None
Italiani ( ma non troppo );23;Mailänder Platz;Stuttgart-Mitte;70173;Stuttgart;None;None;Italiani ( ma non troppo );+49 711 28413444;http://www.italiani-manontroppo.de/;https://maps.google.com/?cid=15517200432911469754;8FWFQ5RM+4H;ChIJg8OzjCvbmUcRusw5gJQrWNc;4.3;2;Mailänder Platz 23, Stuttgart;True
Ristorante Goldoni;151;Reinsburgstraße;Stuttgart-West;70197;Stuttgart;None;None;Ristorante Goldoni;+49 711 6599889;https://ristorante-goldoni.de/;https://maps.google.com/?cid=11834345189323633204;8FWFQ592+CC;ChIJx-T31GfbmUcRNPL8pj8KPKQ;4.5;2;Reinsburgstraße 151, Stuttgart;False
La Casa Del Gusto;151;Silberburgstraße;Stuttgart-West;70176;Stuttgart;None;None;La Casa Del Gusto;+49 711 6014746;http://www.lacasadelgusto.de/;https://maps.google.com/?cid=16251706503380626158;8FWFQ5F8+9V;ChIJf-F9E0bbmUcR7mrop_WoieE;4.5;2;Silberburgstraße 151, Stuttgart;False
Ristorante Cavallino;35;Weimarstraße;Stuttgart-West;70176;Stuttgart;None;None;Ristorante Cavallino;+49 711 616275;http://www.cavallino-stuttgart.de/;https://maps.google.com/?cid=13817471380518610678;8FWFQ5G8+P8;ChIJdfZ7cUfbmUcR9ibwMQOFwb8;4.4;2;Weimarstraße 35, Stuttgart;False
Ristorante La Piazza;11;Charlottenstraße;Stuttgart-Mitte;70182;Stuttgart;None;None;Ristorante La Piazza;+49 711 247873;https://www.lapiazza-stuttgart.de/;https://maps.google.com/?cid=15494807044972539138;8FWFQ5GM+2W;ChIJd7pOcbXEmUcRAu3OkumcCNc;4;2;Charlottenstraße 11, Stuttgart;True
Don Via Restaurant;14;Theodor-Heuss-Straße;Stuttgart-Mitte;70174;Stuttgart;None;None;Don Via Restaurant;+49 711 99789002;http://www.don-via.de/;https://maps.google.com/?cid=4157786135586542701;8FWFQ5GF+R9;ChIJiRZWMW_bmUcRbRSuH3Zsszk;4;None;Theodor-Heuss-Straße 14, Stuttgart;True
PIZZA & PASTA - San Marco;100;Plieninger Str.;Möhringen;70567;Stuttgart;None;None;PIZZA & PASTA - San Marco;+49 30 20213300;https://www.dormero.de/hotel-stuttgart/restaurant-bar/pizza-pasta-san-marco/;https://maps.google.com/?cid=6681391024143454373;8FWFP5C7+W8;ChIJCdY2ntTcmUcRpdCNp7wRuVw;2.5;None;Plieninger Straße 100, Stuttgart;None
IL NUOVO POSITANO;39;Calwer Str.;Stuttgart-Mitte;70173;Stuttgart;None;None;IL NUOVO POSITANO;+49 711 2262375;https://il-nuovo-positano.de/;https://maps.google.com/?cid=9837040367535093680;8FWFQ5GF+37;ChIJbcAPsEnbmUcRsHcbbBgwhIg;4.4;2;Calwer Straße 39, Stuttgart;False
Roberts cucina italiana;4;Breitscheidstraße;Stuttgart-Mitte;70174;Stuttgart;None;None;Roberts cucina italiana;+49 711 50493904;http://www.roberts-stuttgart.de/;https://maps.google.com/?cid=5895763844478971194;8FWFQ5H9+V7;ChIJbcVPoTfbmUcROq3Cvfr10VE;4.6;2;Bosch Areal, Breitscheidstraße 4, Stuttgart;True
Valle;3;Geschwister-Scholl-Straße;Stuttgart-Mitte;70174;Stuttgart;None;None;Valle;+49 711 2202727;http://www.ristorante-valle.de/;https://maps.google.com/?cid=7206818868749529606;8FWFQ5JG+W9;ChIJG2pqNjHbmUcRBvJl6JPDA2Q;4.5;2;Geschwister-Scholl-Straße 3, Stuttgart;None
L'Osteria;11;Kronprinzstraße;Stuttgart-Mitte;70173;Stuttgart;None;None;L'Osteria;+49 711 65626187;https://losteria.net/de/restaurants/restaurant/stuttgart-kronprinzstrasse/?utm_source=google&utm_medium=Yext;https://maps.google.com/?cid=16267388018343636324;8FWFQ5GG+83;ChIJdYg3KynbmUcRZG3R4DZfweE;3.9;2;Kronprinzstraße 11, Stuttgart;True
Da Nello;42;Grazer Str.;Feuerbach;70469;Stuttgart;None;None;Da Nello;+49 711 854419;http://www.danello.de/;https://maps.google.com/?cid=11394966750168928612;8FWFR565+6W;ChIJFyRCGO_amUcRZNE02-INI54;4.6;2;Grazer Straße 42, Stuttgart;False
Sapori d'Italia;18;Widdersteinstraße;Untertürkheim;70327;Stuttgart;None;None;Sapori d'Italia;+49 711 3361961;http://sapori-d-italia.de/;https://maps.google.com/?cid=9034900419883519680;8FWFQ7J3+65;ChIJzwhY80XEmUcRwE4vHBBqYn0;4.8;2;Widdersteinstraße 18, Stuttgart;False
Empore;4;Dorotheenstraße;Stuttgart-Mitte;70173;Stuttgart;None;None;Empore;+49 711 4704400;http://www.empore-markthalle.de/;https://maps.google.com/?cid=13522190723440808868;8FWFQ5GH+GH;ChIJx2wLhkrbmUcRpJPFv9F4qLs;4;None;Dorotheenstraße 4, Stuttgart;False
Kikuya Japanese Restaurant;31;Calwer Str.;Stuttgart-Mitte;70173;Stuttgart;None;None;Kikuya Japanese Restaurant;+49 711 50095217;None;https://maps.google.com/?cid=2995772907947855801;8FWFQ5GF+7G;ChIJM6DOuEnbmUcRuY_4ZZYfkyk;4.2;None;Calwer Straße 31, Stuttgart;None
Keyaki Japanese Cuisine;5;Katharinenstraße;Stuttgart-Mitte;70182;Stuttgart;None;None;Keyaki Japanese Cuisine;+49 711 25517476;https://www.keyaki-stuttgart.de/;https://maps.google.com/?cid=16626093860203969935;8FWFQ5CH+MW;ChIJ5QEgWUvbmUcRj73C60bAu-Y;4.6;2;Katharinenstraße 5, Stuttgart;None
Tokio Dining;12;Steubenstraße;Stuttgart Ost;70190;Stuttgart;None;None;Tokio Dining;+49 711 50443102;https://www.tokiodining.de/;https://maps.google.com/?cid=6553347796518630332;8FWFQ6W5+83;ChIJo3kJSNjEmUcRvPMUjRkr8lo;4.7;2;Steubenstraße 12, Stuttgart;None
Japanisches Restaurant Kicho;19;Jakobstraße;Stuttgart-Mitte;70182;Stuttgart;None;None;Japanisches Restaurant Kicho;+49 711 247687;https://www.kicho.de/;https://maps.google.com/?cid=14184928260920018367;8FWFQ5CJ+JV;ChIJDe4HYLPEmUcRv4WJLBn92sQ;4.6;3;Jakobstraße 19, Stuttgart;False
Tokyo Sushi Bar;17;Poststraße;None;71032;Böblingen;None;None;Tokyo Sushi Bar;+49 173 8457362;https://tokyosushibb.de/;https://maps.google.com/?cid=11310984051783747177;8FWFM2M6+RG;ChIJUR_XTYPgmUcRacatIhGw-Jw;4.8;2;Poststraße 17, Böblingen;False
Kim's So Korean Food;8;Neue Brücke;Stuttgart-Mitte;70173;Stuttgart;None;None;Kim's So Korean Food;+49 711 2804791;http://www.kims-so.de/;https://maps.google.com/?cid=12303016602367370316;8FWFQ5GG+2G;ChIJr8JLJUrbmUcRTCTXaWoYvao;4;1;Neue Brücke 8, Stuttgart;True
Soban - Korean Dining;20;Breitscheidstraße;Stuttgart-West;70176;Stuttgart;None;None;Soban - Korean Dining;+49 711 65625188;None;https://maps.google.com/?cid=4320940580113716697;8FWFQ5H8+HG;ChIJC8O4l6XbmUcR2ZU_dZAQ9zs;3.8;2;Breitscheidstraße 20, Stuttgart;None
Mandu;60;Fritz-Elsas-Straße;Stuttgart-Mitte;70174;Stuttgart;None;None;Mandu;+49 711 30001821;http://mandustuttgart.eatbu.com/;https://maps.google.com/?cid=3491109010604762799;8FWFQ5H9+56;ChIJTTabczjbmUcRryZDASbpcjA;4.6;1;Fritz-Elsas-Straße 60, Stuttgart;True
Bulgogi Queen Korean BBQ Restaurant;3;Lautenschlagerstraße;Stuttgart-Mitte;70173;Stuttgart;None;None;Bulgogi Queen Korean BBQ Restaurant;+49 711 86060656;https://bulgogi-queen.de/;https://maps.google.com/?cid=11875651925709679831;8FWFQ5MJ+42;ChIJ73_AcpzbmUcR1-wbrIHKzqQ;3.8;None;Lautenschlagerstraße 3, Stuttgart;True
Headen Bibimbab;20;Gerhart-Hauptmann-Straße;Eltingen;71229;Leonberg;None;None;Headen Bibimbab;+49 7152 6133267;http://www.headenbibimbab.de/;https://maps.google.com/?cid=1801781535978803635;8FWFQ2W5+VF;ChIJA7z1L5PYmUcRs9HfvsI2ARk;4.7;1;Gerhart-Hauptmann-Straße 20, Leonberg;True
C1 Killesberg;217;Birkenwaldstraße;Nord;70191;Stuttgart;None;None;C1 Killesberg;+49 711 38060419;http://c1stuttgart.com/;https://maps.google.com/?cid=6042297201087497647;8FWFQ5XG+P3;ChIJB_390HjbmUcRr0UoekqN2lM;4.6;None;Birkenwaldstraße 217, Stuttgart;None
Santy Mobile 1;None;Königstraße;Stuttgart-Mitte;70173;Stuttgart;None;None;Santy Mobile 1;+49 711 99789032;https://eiscafe-santin.de/;https://maps.google.com/?cid=2914514323759801460;8FWFQ5HG+4X;ChIJ9bbNf-jbmUcRdKR98FVvcig;4.4;None;Königstraße, Stuttgart;True
Los Locos Latinos U-Salzwiesenstraße -Argentinisches Steakhouse;70;Stammheimer Str.;Zuffenhausen;70435;Stuttgart;None;None;Los Locos Latinos U-Salzwiesenstraße -Argentinisches Steakhouse;+49 711 50468142;http://los-locos-latinos-argentinisches-steakhouse.eatbu.com/;https://maps.google.com/?cid=14597780476485264304;8FWFR5P7+J6;ChIJfXD32qHamUcRsGMJQgC8lco;4.7;2;Stammheimer Straße 70, Stuttgart;False
el seco° - comida ecuatoriana;10;Breitscheidstraße;Stuttgart-Mitte;70174;Stuttgart;None;None;el seco° - comida ecuatoriana;None;https://el-seco-comida-ecuatoriana.eatbu.com/;https://maps.google.com/?cid=8042564288900147458;8FWFQ5H8+PV;ChIJtabdBO_bmUcRAqkiA5ztnG8;4.6;2;Breitscheidstraße 10, Stuttgart;True
Enchilada;69-71;Eberhardstraße;Stuttgart-Mitte;70173;Stuttgart;None;None;Enchilada;+49 711 2365974;https://stuttgart.enchilada.de/;https://maps.google.com/?cid=13183175024654841937;8FWFQ5FG+64;ChIJb11F50vbmUcRUXhaZNYL9LY;3.9;2;Eberhardstraße 69-71, Stuttgart;True
Joe Peña's;15;Kriegsbergstraße;Stuttgart-Mitte;70174;Stuttgart;None;None;Joe Peña's;+49 711 2296211;https://stuttgart.joepenas.de/;https://maps.google.com/?cid=6414728520624687240;8FWFQ5MG+GJ;ChIJAQCQcjHbmUcRiMhmUpqxBVk;4.2;None;Kriegsbergstraße 15, Stuttgart;True
HOLA Mexicana;4;Tiergartenstraße;None;71032;Böblingen;None;None;HOLA Mexicana;+49 7031 8181325;http://holamexicana.de/;https://maps.google.com/?cid=17815706170435948479;8FWFM2C8+XR;ChIJPyt4LpTgmUcRv8-Rz14aPvc;4.2;2;Tiergartenstraße 4, Böblingen;None
Houstons Fine Burrito Company;8;Mittlere Str.;Degerloch;70597;Stuttgart;None;None;Houstons Fine Burrito Company;+49 711 72246944;http://houstonsfineburrito.com/;https://maps.google.com/?cid=5732537590990256414;8FWFP5WC+MF;ChIJbbCb1U_cmUcRHjmMFJEQjk8;4.5;2;Mittlere Straße 8, Stuttgart;True
BURREATOS;19;Hospitalstraße;Stuttgart-Mitte;70174;Stuttgart;None;None;BURREATOS;+49 711 31538061;http://burreatos.com/;https://maps.google.com/?cid=3710036665752238609;8FWFQ5GF+V6;ChIJqVHV1DfbmUcRETrW3bCyfDM;4.4;1;Hospitalstraße 19, Stuttgart;True
L.A. Signorina;12;Marienplatz;Süd;70178;Stuttgart;None;None;L.A. Signorina;+49 711 62078990;https://lasignorina.org/;https://maps.google.com/?cid=18174137354465719631;8FWFQ579+RH;ChIJxwuz_1DbmUcRTzUWGKKBN_w;4.3;2;Marienplatz 12, Stuttgart;True
Pizzeria Da Luigi;12;Rendlenstraße;Feuerbach;70469;Stuttgart;None;None;Pizzeria Da Luigi;+49 711 80607058;https://pizzeria-da-luigi.de/;https://maps.google.com/?cid=1732182524128694334;8FWFR555+HP;ChIJ4WTlre_amUcRPpDUBNTyCRg;4.3;1;Rendlenstraße 12, Stuttgart;True
Pizzeria Rosticceria Palma;41;Hackstraße;Stuttgart Ost;70190;Stuttgart;None;None;Pizzeria Rosticceria Palma;+49 711 65227003;https://pizzeriapalma-stuttgart.de/4890?utm_source=google&utm_medium=mybusiness&utm_campaign=gb;https://maps.google.com/?cid=12468628167175780413;8FWFQ6Q3+P3;ChIJVbxfzdvEmUcRPTjxpEF3Ca0;4.5;None;Hackstraße 41, Stuttgart;False
Pizzeria da Micci;3;Burgunderstraße;Zuffenhausen;70435;Stuttgart;None;None;Pizzeria da Micci;+49 711 54040070;None;https://maps.google.com/?cid=17289123571635481261;8FWFR5J8+RR;ChIJWyuywZvamUcRrWoqZUlO7-8;4.6;2;Burgunderstraße 3, Stuttgart;True
Pizza Trullo's ️;20;Kapellenweg;Mühlhausen;70378;Stuttgart;None;None;Pizza Trullo's ️;+49 711 5005770;https://pizzatrullos.com/;https://maps.google.com/?cid=9716298628753186997;8FWFR6MC+8V;ChIJ17KqpMvFmUcRteByqh8614Y;4.7;2;Kapellenweg 20, Stuttgart;True
Luna - Restaurant - Karaoke - Bar;36;Im Moldengraben;None;70806;Kornwestheim;None;None;Luna - Restaurant - Karaoke - Bar;+49 176 31774567;https://www.luna-restaurant.de/;https://maps.google.com/?cid=3900457824486083737;8FWFV692+WJ;ChIJk32WPy7QmUcRmczi0bk1ITY;4.1;2;Im Moldengraben 36, Kornwestheim;True
Fischhalle;4;Dorotheenstraße;Stuttgart-Mitte;70173;Stuttgart;None;None;Fischhalle;+49 711 245962;http://www.fischhalle-stuttgart.de/;https://maps.google.com/?cid=16774954717031760906;8FWFQ5GH+CW;ChIJb-NXgUrbmUcRCgTxB3CczOg;4.4;None;Dorotheenstraße 4, Stuttgart;True
NORDSEE;None;None;Stuttgart-Mitte;70173;Stuttgart;None;None;NORDSEE;+49 711 28448655;http://www.nordsee.com/;https://maps.google.com/?cid=11188683727072509630;8FWFQ5RM+G7;ChIJzU4rRzPbmUcRvr5Z0JEwRps;3.4;2;Mailänder Platz Milaneo, Stuttgart;True
El Taurino;69;Schwarenbergstraße;Stuttgart Ost;70188;Stuttgart;None;None;El Taurino;+49 711 282647;https://www.facebook.com/El-Taurino-Stuttgart-342514787597/;https://maps.google.com/?cid=6986065588432521499;8FWFQ6P2+4W;ChIJE6BBLtvEmUcRG8kZkKN982A;4.2;2;Schwarenbergstraße 69, Stuttgart;False
Enso Sushi & Grill;6;Else-Josenhans-Straße;Stuttgart-Mitte;70173;Stuttgart;None;None;Enso Sushi & Grill;+49 711 99717718;http://www.enso-stuttgart.de/;https://maps.google.com/?cid=15310957910276259613;8FWFQ5GJ+5J;ChIJ16n2yErbmUcRHT_5NBlze9Q;4.3;3;Else-Josenhans-Straße 6, Stuttgart;True
QQ Sushi Lounge;10;Kanalstraße;Stuttgart-Mitte;70182;Stuttgart;None;None;QQ Sushi Lounge;+49 711 23849375;https://www.qq-sushilounge.de/qq-sushi-lounge-1;https://maps.google.com/?cid=8050342009151541685;8FWFQ5GM+29;ChIJ89VgP7XEmUcRtdHhn2ePuG8;4.5;2;Kanalstraße 10, Stuttgart;None
Oishi Sushi Inh. Wenyue Li;28;Leobener Str.;Feuerbach;70469;Stuttgart;None;None;Oishi Sushi Inh. Wenyue Li;+49 711 46912932;https://www.oishi-sushi-feuerbach.de/;https://maps.google.com/?cid=10179030883358832312;8FWFR567+39;ChIJ7eEE7-jamUcRuHZVWKguQ40;4.6;2;Leobener Straße 28, Stuttgart;False
Edo Sushi Bar;30;Hauptstraße;Vaihingen;70563;Stuttgart;None;None;Edo Sushi Bar;+49 711 22725522;http://www.edo-sushibar.com/;https://maps.google.com/?cid=2455400717506109868;8FWFP4J4+2X;ChIJF79B71DcmUcRrOEwfPFVEyI;4.6;2;Hauptstraße 30, Stuttgart;None
Sushi Hao;3;Widdersteinstraße;Untertürkheim;70327;Stuttgart;None;None;Sushi Hao;+49 711 91226667;http://www.sushi-hao.de/;https://maps.google.com/?cid=12947029394852060186;8FWFQ7J2+4R;ChIJLz29kQbFmUcRGpyyaKMWrbM;4.8;2;Widdersteinstraße 3, Stuttgart;True
Sushi Le;9;Wilhelmstraße;Bad Cannstatt;70372;Stuttgart;None;None;Sushi Le;+49 711 95861939;https://sushile.de/;https://maps.google.com/?cid=7819948035936835372;8FWFR638+QM;ChIJI1p5UT3FmUcRLFcHjE4Jhmw;4.4;2;Wilhelmstraße 9, Stuttgart;False
MIYO Sushi;11;Mönchstraße;Nord;70191;Stuttgart;None;None;MIYO Sushi;+49 7031 465;None;https://maps.google.com/?cid=9483798378097183814;8FWFQ5VM+2R;ChIJ__8PdSvbmUcRRozop2A4nYM;None;None;Mönchstraße 11, Stuttgart;None
Sakura;11;Kleine Königstraße;Stuttgart-Mitte;70178;Stuttgart;None;None;Sakura;+49 711 2991592;https://www.facebook.com/Sakura-Asiatische-und-Japanische-K%C3%BCche-1530280960613366/;https://maps.google.com/?cid=15794205776396498141;8FWFQ5FF+7C;ChIJ9Qb8QEnbmUcR3TSJ63hKMNs;3.8;2;Kleine Königstraße 11, Stuttgart;True
Mikomi Sushi & Grill;3;Schwabenpl.;Vaihingen;70563;Stuttgart;None;None;Mikomi Sushi & Grill;+49 711 78251688;http://www.mikomi-sushi.de/;https://maps.google.com/?cid=1533922441440870226;8FWFP4J5+99;ChIJkxNv5HLdmUcRUj8VW1WWSRU;4.5;2;Schwabenplatz 3, Stuttgart;True
Sushi on Fire;7;Mailänder Platz;Stuttgart-Mitte;70173;Stuttgart;None;None;Sushi on Fire;+49 711 74519579;https://www.sushionfire.de/;https://maps.google.com/?cid=9274425277817895570;8FWFQ5RM+C2;ChIJr3LlVe7bmUcRkjo99KZgtYA;4.5;None;Mailänder Platz 7, Stuttgart;True
Lecker Sushi - e Center;46;Stuttgarter Str.;Feuerbach;70469;Stuttgart;None;None;Lecker Sushi - e Center;None;None;https://maps.google.com/?cid=8503611719296787271;8FWFR567+FJ;ChIJRaay9TLbmUcRR6OI_M3lAnY;None;None;Stuttgarter Straße 46, Stuttgart;None
WIP Sushi Lounge;22;Esslinger Str.;Stuttgart-Mitte;70182;Stuttgart;None;None;WIP Sushi Lounge;+49 711 50498125;http://www.wip-sushilounge.de/;https://maps.google.com/?cid=3615096822547089505;8FWFQ5FJ+QW;ChIJ24maLbXEmUcRYQiQEGhnKzI;4.4;2;Esslinger Straße 22, Stuttgart;False
Krua Thai Bolan Thairestaurant;159;Rotebühlstraße;Stuttgart-West;70197;Stuttgart;None;None;Krua Thai Bolan Thairestaurant;+49 711 34225235;https://kruathaibolan.de/;https://maps.google.com/?cid=12674353436975942331;8FWFQ593+PJ;ChIJv2mBHGjbmUcRu8qzoExZ5K8;4.7;2;Rotebühlstraße 159, Stuttgart;True
Pinto-Mama Thairestaurant;99;Ludwigstraße;Stuttgart-West;70197;Stuttgart;None;None;Pinto-Mama Thairestaurant;+49 711 35146509;https://www.pinto-mama.de/;https://maps.google.com/?cid=1061194102525216014;8FWFQ5C3+HP;ChIJJSVkKhLbmUcRDkXB7mkeug4;4.8;None;Ludwigstraße 99, Stuttgart;None
AntepHaus;22-24;Rosensteinstraße;Nord;70191;Stuttgart;None;None;AntepHaus;+49 711 28443141;http://www.antephaus.de/;https://maps.google.com/?cid=3624484606445520393;8FWFQ5VR+GW;ChIJXQcEtNXEmUcRCYYO1YvBTDI;4.3;1;Rosensteinstraße 22-24, Stuttgart;True
Onkel Hasan's Grillhaus;42A;Löwenstraße;Degerloch;70597;Stuttgart;None;None;Onkel Hasan's Grillhaus;+49 711 50074609;http://www.onkelhasansgrillhaus.de/;https://maps.google.com/?cid=6268233320120769552;8FWFP5XC+29;ChIJvUHiZa3cmUcRENwQf_48_VY;4.6;1;Löwenstraße 42A, Stuttgart;None
AYTAŞ Grill & Kebaphaus;8;Obertürkheimer Str.;Mettingen;73733;Esslingen am Neckar;None;None;AYTAŞ Grill & Kebaphaus;+49 1525 1408214;https://aytas-kebaphaus-esslingen.eatbu.com/?lang=de;https://maps.google.com/?cid=16567876609342388675;8FWFP7XG+JH;ChIJJS5J7q3HmUcRwzlb7v7r7OU;4.6;None;Obertürkheimer Straße 8, Esslingen am Neckar;None
Ayaz;77/79;Plochinger Str.;Oberesslingen;73730;Esslingen am Neckar;None;None;Ayaz;+49 711 5509549;https://de-de.facebook.com/pages/Ayaz/136616409825931;https://maps.google.com/?cid=5378350936634242732;8FWFP8MG+4M;ChIJkUMXvNnAmUcRrDZ5X669o0o;4.4;2;Plochinger Straße 77/79, Esslingen am Neckar;False
Lale kepap;7;Schwertstraße;None;71065;Sindelfingen;None;None;Lale kepap;+49 7031 7626249;None;https://maps.google.com/?cid=12802384416533774324;8FWFP249+34;ChIJK5bWceTfmUcR9P99Acw0q7E;None;None;Schwertstraße 7, Sindelfingen;None
ERKAN CHEF;45;Bahnhofstraße;None;70806;Kornwestheim;None;None;ERKAN CHEF;+49 7154 9650146;http://erkanchef.de/;https://maps.google.com/?cid=9643045099440831203;8FWFV57J+R8;ChIJg4V77UbQmUcR4_o9SW360oU;4.5;1;Bahnhofstraße 45, Kornwestheim;True
DO's Vietnam Street Food;15;Tübinger Str.;Süd;70178;Stuttgart;None;None;DO's Vietnam Street Food;+49 711 65836893;http://dos-stuttgart.de/;https://maps.google.com/?cid=9876239112722457385;8FWFQ5CF+VR;ChIJwzwq_kvbmUcRKSOkfiVzD4k;4.3;1;Tübinger Straße 15, Stuttgart;True
Ngon Deli - Vietnamese Home Cooking;69;Daimlerstraße;Bad Cannstatt;70372;Stuttgart;None;None;Ngon Deli - Vietnamese Home Cooking;+49 711 55049770;https://www.instagram.com/ngon.deli/;https://maps.google.com/?cid=16436761967486945665;8FWFR62C+JX;ChIJKfou0JLFmUcRgcm1eewbG-Q;4.4;None;Daimlerstraße 69, Stuttgart;True
Vietal Kitchen;181;Landhausstraße;Stuttgart Ost;70188;Stuttgart;None;None;Vietal Kitchen;+49 711 72233578;https://vietal-kitchen.de/stuttgart/;https://maps.google.com/?cid=17401978012679811536;8FWFQ6P5+99;ChIJ___THt3EmUcR0DHwis0-gPE;4.3;2;Landhausstraße 181, Stuttgart;True
Sen Viet Restaurant;59;Stöckachstraße;Stuttgart Ost;70190;Stuttgart;None;None;Sen Viet Restaurant;+49 711 283856;http://senviet-stuttgart.de/;https://maps.google.com/?cid=12944062732362897813;8FWFQ6R3+X4;ChIJryLfstnEmUcRldnceHmMorM;4.7;2;Stöckachstraße 59, Stuttgart;None
Pho a la Mama;23;Schwieberdinger Str.;Zuffenhausen;70435;Stuttgart;None;None;Pho a la Mama;+49 711 8262380;http://www.alamama.eu/;https://maps.google.com/?cid=14011722176367415921;8FWFR5H8+7H;ChIJPwfUp5DamUcRcdLXBRWjc8I;4.3;2;Schwieberdinger Straße 23, Stuttgart;False
Viet Wok;45;Kronenstraße;Stuttgart-Mitte;70174;Stuttgart;None;None;Viet Wok;+49 711 39160460;http://www.vietwokstuttgart.de/;https://maps.google.com/?cid=13459637253473732992;8FWFQ5MG+Q2;ChIJj8Ax_zDbmUcRgInqEsU8yro;4.6;1;Kronenstraße 45, Stuttgart;False
Do Asia Food;35;Brunnenstraße;Bad Cannstatt;70372;Stuttgart;None;None;Do Asia Food;+49 711 5004400;https://www.facebook.com/Restaurant-Do-Asia-Food-Vietnamesische-Spezialit%C3%A4ten-und-Bubble-Tea-283906898328028;https://maps.google.com/?cid=13859635183337331225;8FWFR648+J4;ChIJFQEkqD3FmUcRGdpTi8RQV8A;4.4;1;Brunnenstraße 35, Stuttgart;None
Tay Ho;7;Rathauspassage;Stuttgart-Mitte;70173;Stuttgart;None;None;Tay Ho;+49 711 2362958;https://instagram.com/tayhostuttgart;https://maps.google.com/?cid=15628945002204274087;8FWFQ5FH+QJ;ChIJt8BO-ErbmUcRp52Afqwq5dg;4.3;1;Rathauspassage 7, Stuttgart;True
Huong Viet - Vietnamesische Spezialitäten;23;Presselstraße;Nord;70191;Stuttgart;None;None;Huong Viet - Vietnamesische Spezialitäten;+49 711 25356221;https://huongvietstuttgart.com/;https://maps.google.com/?cid=1204934352781836756;8FWFR52P+F4;ChIJZ1jgYbfbmUcR1AE662jJuBA;4.6;2;Presselstraße 23, Stuttgart;False
Takeshii's Vietnamese Cuisine;12;Esslinger Str.;Stuttgart-Mitte;70182;Stuttgart;None;None;Takeshii's Vietnamese Cuisine;+49 711 24839559;http://www.takeshii.de/;https://maps.google.com/?cid=6871306885752638670;8FWFQ5FJ+JP;ChIJKVlTKrXEmUcRzkz78zTJW18;4.4;2;Esslinger Straße 12, Stuttgart;False
Bún Vietnam Street-Food;99;Wiener Str.;Feuerbach;70469;Stuttgart;None;None;Bún Vietnam Street-Food;+49 711 50481143;https://www.bunvietnamstreet-food-stuttgart.de/;https://maps.google.com/?cid=645348531829676976;8FWFR565+C2;ChIJ5bl_Vp3bmUcRsBsHDBK99Ag;4.4;1;Wiener Straße 99, Stuttgart;None
Thai-Viet - asian cuisine · sushi · wok;18;Brückenstraße;Bad Cannstatt;70376;Stuttgart;None;None;Thai-Viet - asian cuisine · sushi · wok;+49 711 50494999;https://thaivietstuttgart.de/;https://maps.google.com/?cid=13698127211304771145;8FWFR646+XF;ChIJpxm3hDvFmUcRSd7udR-GGb4;4.5;1;Brückenstraße 18, Stuttgart;False
Ha Long;95;Johannesstraße;Stuttgart-West;70176;Stuttgart;None;None;Ha Long;+49 711 46922744;http://www.halong-stuttgart.de/;https://maps.google.com/?cid=14770521249267417689;8FWFQ5J5+P6;ChIJRRD4ixXbmUcRWYLxkdFu-8w;4.4;2;Johannesstraße 95, Stuttgart;False
